{
  "attack": {
    "score": 22.12,
    "score_raw": 4424.0,
    "findings_count": 133,
    "unique_cells": 100,
    "time_taken": 30.197066068649292
  },
  "defense": {
    "score": 322.5806451612903,
    "breach_count": 14,
    "false_positives": 0,
    "benign_trials": 7,
    "false_positive_rate": 0.0,
    "time_taken": 22.335514068603516
  },
  "final_score": 344.7006451612903,
  "scoring_mode": "normalized",
  "run_name": "prompt_injection_fixed_v1",
  "timestamp": "2026-01-03T17:26:19.240391"
}